{
  "type": "datasource",
  "name": "Octopus Deploy",
  "id": "octopus-deploy-xmlfeed",
  "metrics": true,
  "backend": true,
  "annotations": true,
  "executable": "gpx_xmlfeed",
  "info": {
    "description": "Backend datasource to connect to an Octopus XML reporting feed",
    "author": {
      "name": "Matthew Casperson",
      "url": ""
    },
    "keywords": [
      "octopus"
    ],
    "logos": {
      "small": "img/logo.svg",
      "large": "img/logo.svg"
    },
    "links": [
      {
        "name": "Website",
        "url": "https://github.com/grafana/simple-datasource-backend"
      },
      {
        "name": "License",
        "url": "https://github.com/grafana/simple-datasource-backend/blob/master/LICENSE"
      }
    ],
    "screenshots": [],
    "version": "1.0.0",
    "updated": "2022-11-06"
  },
  "dependencies": {
    "grafanaVersion": "7.x.x",
    "plugins": []
  }
}
